Avg_Hourly_Rate,Company_Name,Employees,Locality,Min_Project_Size,Region,Service_Focus,Website
$100 - $149 / hr,ClickGiant,10 - 49,Charleston,"$1,000+",SC,80% Content Marketing,http://clickgiant.com/
$150 - $199 / hr,S&G Content Marketing,50 - 249,Miami,"$10,000+",FL,85% Content Marketing,http://www.stuntandgimmicks.com/
$200 - $300 / hr,Communications Strategy Group (CSG®),10 - 49,Denver,"$5,000+",CO,35% Content Marketing,https://wearecsg.com/
$100 - $149 / hr,North Star Inbound,10 - 49,Austin,"$5,000+",TX,60% Content Marketing,http://www.northstarinbound.com/
$150 - $199 / hr,Column Five,10 - 49,Costa Mesa,"$10,000+",CA,15% Content Marketing,https://www.columnfivemedia.com/
$100 - $149 / hr,NextLeft,10 - 49,San Diego,"$1,000+",CA,10% Content Marketing,https://nextleft.com/contact-us/
$100 - $149 / hr,Siege Media,50 - 249,Austin,"$10,000+",TX,85% Content Marketing,https://www.siegemedia.com
Undisclosed,Fractl,50 - 249,Delray Beach,"$10,000+",FL,60% Content Marketing,http://www.frac.tl/
$25 - $49 / hr,ReVerb,10 - 49,Dodge Center,Undisclosed,MN,70% Content Marketing,https://reverbico.com/
Undisclosed,Content Development Pros,10 - 49,Red Bank,Undisclosed,NJ,60% Content Marketing,https://www.contentdevelopmentpros.com/
< $25 / hr,WriteForMe,2 - 9,Beverly Hills,"$1,000+",CA,100% Content Marketing,https://writeforme.io/
$100 - $149 / hr,Volume Nine,10 - 49,Denver,"$1,000+",CO,20% Content Marketing,https://www.v9digital.com/
$100 - $149 / hr,Content Strategy Inc,2 - 9,Port Coquitlam,"$25,000+",Canada,10% Content Marketing,https://contentstrategyinc.com/
$100 - $149 / hr,NowSourcing,10 - 49,Louisville,"$5,000+",KY,90% Content Marketing,https://nowsourcing.com/
$100 - $149 / hr,Eucalypt Media,10 - 49,Ponte Vedra Beach,"$1,000+",FL,85% Content Marketing,http://eucalyptmedia.com/
$100 - $149 / hr,Avalaunch Media,50 - 249,Lehi,"$1,000+",UT,30% Content Marketing,https://avalaunchmedia.com/
$150 - $199 / hr,Idea Grove,10 - 49,Dallas,"$10,000+",TX,25% Content Marketing,http://www.ideagrove.com/
$150 - $199 / hr,Bop Design,10 - 49,San Diego,"$25,000+",CA,20% Content Marketing,https://www.bopdesign.com
$100 - $149 / hr,SGContent agency,2 - 9,Valencia,"$1,000+",Spain,60% Content Marketing,https://www.sgcontent.co/
$50 - $99 / hr,Socialfix Media,10 - 49,Clinton,"$1,000+",NJ,30% Content Marketing,http://www.socialfix.com/
$50 - $99 / hr,Local SEO Search,10 - 49,Toronto,"$1,000+",Canada,20% Content Marketing,https://www.localseosearch.ca
$150 - $199 / hr,Silverback Strategies,10 - 49,Alexandria,"$10,000+",VA,10% Content Marketing,http://silverbackstrategies.com/
$50 - $99 / hr,SQ Digital,10 - 49,Lancaster,"$1,000+",United Kingdom,25% Content Marketing,https://www.sqdigital.co.uk/
$100 - $149 / hr,Firecracker PR,10 - 49,Brea,"$5,000+",CA,25% Content Marketing,http://www.firecrackerpr.com
$150 - $199 / hr,Casual Films,10 - 49,London,"$5,000+",United Kingdom,15% Content Marketing,https://www.casualfilms.com/
$100 - $149 / hr,Savage Global Marketing,10 - 49,Fort Lauderdale,"$5,000+",FL,20% Content Marketing,https://www.savageglobalmarketing.com/contact-us/clutch/
$100 - $149 / hr,Atrium Digital,10 - 49,Edmonton,"$5,000+",Canada,25% Content Marketing,https://www.atriumdigital.com/
< $25 / hr,Belkins,50 - 249,Dover,"$1,000+",DE,10% Content Marketing,https://belkins.io/
$100 - $149 / hr,"RainCastle Communications, Inc.",2 - 9,Needham,"$10,000+",MA,10% Content Marketing,http://www.raincastle.com/
$200 - $300 / hr,La Visual,10 - 49,Culver City,"$50,000+",CA,25% Content Marketing,http://www.lavisual.com/
$100 - $149 / hr,Eight Oh Two,10 - 49,Bennington,"$1,000+",VT,30% Content Marketing,https://eightohtwo.com/ppc-agency/
$100 - $149 / hr,Neon Ambition,10 - 49,Austin,"$5,000+",TX,15% Content Marketing,http://www.neonambition.com/
$200 - $300 / hr,Mole Street,2 - 9,Philadelphia,"$10,000+",PA,10% Content Marketing,http://www.molestreet.com/
$100 - $149 / hr,"Clear Mind Graphics, Inc",2 - 9,Hailey,"$5,000+",ID,25% Content Marketing,https://clearmindgraphics.com/
$100 - $149 / hr,Joseph Studios,10 - 49,Atlanta,"$1,000+",GA,20% Content Marketing,http://josephstudios.net
$100 - $149 / hr,BayCreative,10 - 49,San Francisco,"$10,000+",CA,15% Content Marketing,http://www.baycreative.com/
$150 - $199 / hr,3 Media Web,10 - 49,Marlborough,"$25,000+",MA,10% Content Marketing,https://www.3mediaweb.com/contact/
$50 - $99 / hr,Prohibition,10 - 49,Leeds,"$5,000+",United Kingdom,10% Content Marketing,https://prohibitionpr.co.uk/
$150 - $199 / hr,Perfect Search Media,10 - 49,Chicago,"$5,000+",IL,10% Content Marketing,http://www.perfectsearchmedia.com/
$100 - $149 / hr,ProFromGo Internet Marketing,2 - 9,Pittsburgh,"$1,000+",PA,20% Content Marketing,https://profromgo.com/
$50 - $99 / hr,KRFTWRK,2 - 9,Toronto,"$5,000+",Canada,20% Content Marketing,http://www.krftwrk.ca
$50 - $99 / hr,Social Republic™,2 - 9,Manchester,"$1,000+",United Kingdom,30% Content Marketing,https://social-republic.co.uk
$100 - $149 / hr,Ripe Media,2 - 9,Los Angeles,"$10,000+",CA,10% Content Marketing,http://www.ripemedia.com/
$100 - $149 / hr,seoplus+,10 - 49,Ottawa,"$1,000+",Canada,10% Content Marketing,https://www.seoplus.ca/
$150 - $199 / hr,Flying V Group,10 - 49,Irvine,"$5,000+",CA,10% Content Marketing,https://www.flyingvgroup.com/
$100 - $149 / hr,Brandefy,2 - 9,Santa Monica,"$1,000+",CA,20% Content Marketing,https://brandefy.com/
Undisclosed,Cherry Digital,2 - 9,Portland,Undisclosed,OR,30% Content Marketing,http://www.cherrydigital.co/
$100 - $149 / hr,Millennium Agency,10 - 49,Manchester,"$10,000+",NH,15% Content Marketing,http://www.mill.agency
$150 - $199 / hr,Brolik,10 - 49,Philadelphia,"$10,000+",PA,10% Content Marketing,http://www.brolik.com/
$100 - $149 / hr,Luminary,50 - 249,Melbourne,"$25,000+",Australia,10% Content Marketing,https://www.luminary.com/
$100 - $149 / hr,Harley Oliver,2 - 9,Toronto,"$25,000+",Canada,10% Content Marketing,http://www.harleyoliver.com/
$100 - $149 / hr,VisualFizz,10 - 49,Chicago,"$5,000+",IL,10% Content Marketing,http://www.visualfizz.com/
$50 - $99 / hr,WiserBrand,50 - 249,New York,"$5,000+",NY,15% Content Marketing,https://wiserbrand.com/
$100 - $149 / hr,Sure Oak,10 - 49,Brooklyn,"$1,000+",NY,10% Content Marketing,https://www.sureoak.com/
$50 - $99 / hr,Catch,10 - 49,London,"$10,000+",United Kingdom,10% Content Marketing,http://www.catchdigital.com/
$100 - $149 / hr,"Cozy Design, Inc.",2 - 9,San Diego,"$10,000+",CA,15% Content Marketing,https://www.cozydesign.com/
$150 - $199 / hr,Ydraw,10 - 49,Saint George,"$5,000+",UT,10% Content Marketing,http://ydraw.com/
$100 - $149 / hr,Dragonfly Digital Marketing,2 - 9,Baltimore,"$5,000+",MD,20% Content Marketing,https://dragonflydm.com/
$100 - $149 / hr,Sagefrog Marketing Group,10 - 49,Philadelphia,"$5,000+",PA,10% Content Marketing,http://www.sagefrog.com/
$100 - $149 / hr,Favoured,2 - 9,London,"$5,000+",United Kingdom,10% Content Marketing,https://favoured.co.uk/
$150 - $199 / hr,WrightIMC,10 - 49,Allen,"$1,000+",TX,10% Content Marketing,http://www.wrightimc.com
$150 - $199 / hr,97th Floor,50 - 249,Lehi,"$10,000+",UT,10% Content Marketing,http://www.97thfloor.com/
Undisclosed,The Influencer Marketing Factory,10 - 49,Miami,"$10,000+",FL,10% Content Marketing,https://theinfluencermarketingfactory.com/
$100 - $149 / hr,MultiVision Digital Productions,2 - 9,New York,"$5,000+",NY,10% Content Marketing,http://www.nycCorporateVideoProduction.com/
Undisclosed,LookinLA,2 - 9,Burbank,"$5,000+",CA,10% Content Marketing,https://lookinla.com/
$150 - $199 / hr,Atticus Creative,2 - 9,London,"$5,000+",United Kingdom,10% Content Marketing,http://atticuscreative.co.uk/
$50 - $99 / hr,PUSH Collaborative,2 - 9,New York City,"$5,000+",NY,10% Content Marketing,http://pushcollaborative.com/
$100 - $149 / hr,Blue Meta,10 - 49,Langley,"$5,000+",Canada,10% Content Marketing,http://wearebluemeta.com/
< $25 / hr,"Spiralytics, Inc.",50 - 249,Makati City,"$1,000+",Philippines,25% Content Marketing,https://www.spiralytics.com/
$50 - $99 / hr,Gvate,2 - 9,New York,"$1,000+",NY,15% Content Marketing,https://www.gvate.com/
$100 - $149 / hr,Something Great Marketing,2 - 9,Denver,"$1,000+",CO,20% Content Marketing,https://www.getsomethinggreat.com/
$200 - $300 / hr,Versett,50 - 249,Toronto,"$50,000+",Canada,10% Content Marketing,https://versett.com/clutch/
$150 - $199 / hr,CSTMR,10 - 49,Austin,"$10,000+",TX,10% Content Marketing,http://www.cstmr.com/
$50 - $99 / hr,Fractional CMO,2 - 9,Issaquah,"$1,000+",WA,10% Content Marketing,http://fractionalcmo.io/
$150 - $199 / hr,Gemini: Advanced Marketing Solutions,10 - 49,Minneapolis,"$5,000+",MN,20% Content Marketing,https://geminiams.com/
$50 - $99 / hr,System Social,2 - 9,London,"$1,000+",United Kingdom,20% Content Marketing,http://system.social/
Undisclosed,Page Zero Media,10 - 49,Toronto,"$10,000+",Canada,12% Content Marketing,http://www.pagezero.com/
$150 - $199 / hr,Romain Berg,10 - 49,Minneapolis,"$5,000+",MN,20% Content Marketing,https://www.romainberg.com/
$150 - $199  / hr,Media Frenzy Global,10 - 49,Atlanta,"$10,000+",GA,10% Content Marketing,https://www.mediafrenzyglobal.com
$100 - $149 / hr,"Connection Model, LLC",2 - 9,Issaquah,"$5,000+",WA,20% Content Marketing,https://www.connectionmodel.com/
$100 - $149 / hr,Momentumm Digital,2 - 9,Montreal,"$1,000+",Canada,10% Content Marketing,https://momentumm.co/
$100 - $149 / hr,Cut Canvas Creative,2 - 9,San Francisco,"$10,000+",CA,10% Content Marketing,https://www.cutcanvascreative.com/
< $25 / hr,PageTraffic,50 - 249,New Delhi,"$1,000+",India,10% Content Marketing,https://www.pagetraffic.com/
$25 - $49 / hr,Red Rag Marketing,2 - 9,Crewe,"$1,000+",United Kingdom,25% Content Marketing,https://redragmarketing.com/contact/
$150 - $199 / hr,Trust Deep Agency,2 - 9,Sudbury,"$1,000+",MA,20% Content Marketing,http://www.trustdeepagency.com/
$50 - $99 / hr,Marketing Wind,2 - 9,Newark,"$5,000+",CA,20% Content Marketing,https://marketingwind.com/
Undisclosed,ExaWeb Corporation,10 - 49,Bonifacio Global City Taguig,"$1,000+",Philippines,10% Content Marketing,https://www.exaweb.com.ph/
Undisclosed,Red Fan Communications,2 - 9,Austin,"$10,000+",TX,20% Content Marketing,http://www.redfancommunications.com/
< $25 / hr,ATop Digital,10 - 49,Mumbai,"$1,000+",India,10% Content Marketing,https://www.atopdigital.com/
$100 - $149 / hr,Mountaintop Web Design,2 - 9,Parker,"$1,000+",CO,10% Content Marketing,https://mountaintopwebdesign.com/contact/clutch/
$100 - $149 / hr,The Status Bureau,2 - 9,Vancouver,"$1,000+",Canada,10% Content Marketing,https://www.statusbureau.com/
$50 - $99 / hr,1111 Media Group,2 - 9,Miami,"$1,000+",FL,10% Content Marketing,https://www.1111mediagroup.com
$150 - $199 / hr,Mind Meld PR Inc.,2 - 9,Vancouver,"$5,000+",Canada,10% Content Marketing,https://www.mindmeldpr.com/
$50 - $99 / hr,Mediacharge SEA Agency Germany,10 - 49,Munich,"$1,000+",Germany,15% Content Marketing,http://mediacharge.com/
$150 - $199 / hr,AlchemyLeads,2 - 9,Calabasas,"$1,000+",CA,15% Content Marketing,https://alchemyleads.com/call/
$100 - $149 / hr,Reputation Resolutions,10 - 49,Englewood,"$1,000+",CO,20% Content Marketing,https://reputationresolutions.com
Undisclosed,Media Two Interactive,10 - 49,Raleigh,"$25,000+",NC,10% Content Marketing,http://www.mediatwo.net/
Undisclosed,Search Nurture,10 - 49,Oakland,"$1,000+",CA,10% Content Marketing,https://www.searchnurture.com/
Undisclosed,Arlington Research,2 - 9,2 Kingdom Street,"$5,000+",United Kingdom,10% Content Marketing,https://www.arlingtonresearch.global/
$150 - $199 / hr,Net Reputation,10 - 49,Sarasota,"$1,000+",FL,10% Content Marketing,https://www.netreputation.com/
$100 - $149 / hr,Full Cortex,10 - 49,Boston,"$5,000+",MA,10% Content Marketing,http://fullcortex.com/
$25 - $49 / hr,Source Code,2 - 9,Coyoacan,"$1,000+",Mexico,10% Content Marketing,https://sourcecode.mx/en/
$150 - $199 / hr,Fifty & Five,10 - 49,Orlando,"$5,000+",FL,10% Content Marketing,http://www.fiftyandfive.com/
$150 - $199 / hr,IGW (Infographic World),10 - 49,New York,"$5,000+",NY,60% Content Marketing,https://infographicworld.com/content-marketing-services/
Undisclosed,The Content Bureau,10 - 49,Orinda,"$25,000+",CA,100% Content Marketing,http://www.contentbureau.com
$150 - $199 / hr,Brafton,50 - 249,Boston,"$5,000+",MA,100% Content Marketing,http://www.brafton.com
$100 - $149 / hr,SGK,"1,000 - 9,999",London,"$50,000+",United Kingdom,30% Content Marketing,http://www.sgkinc.com
Undisclosed,Brandpoint,50 - 249,Hopkins,Undisclosed,MN,100% Content Marketing,http://www.Brandpoint.com
$100 - $149 / hr,Contentworks Agency,10 - 49,Limassol,"$1,000+",Cyprus,60% Content Marketing,http://www.contentworks.agency
$100 - $149 / hr,Responsify,10 - 49,Brooklyn,"$5,000+",NY,60% Content Marketing,https://www.responsify.com/
Undisclosed,NeoMam Studios,10 - 49,London,"$10,000+",United Kingdom,100% Content Marketing,http://neomam.com
$50 - $99 / hr,Copy House,2 - 9,Edinburgh,"$1,000+",United Kingdom,77% Content Marketing,https://www.copyhousecopywriting.com/
$150 - $199 / hr,Hippo Thinks,10 - 49,Santa Monica,"$1,000+",CA,70% Content Marketing,http://www.hippothinks.com
$150 - $199 / hr,Red Cup Agency,2 - 9,Santa Monica,"$5,000+",CA,60% Content Marketing,http://redcupagency.com/
$150 - $199 / hr,Fixture Media,2 - 9,Seattle,"$5,000+",WA,85% Content Marketing,https://fixture.media
Undisclosed,Godot Media,10 - 49,,Undisclosed,India,85% Content Marketing,https://www.godotmedia.com/
$150 - $199 / hr,Editor Group,10 - 49,Sydney,"$10,000+",Australia,50% Content Marketing,http://editorgroup.com/
$50 - $99 / hr,nDash.co,2 - 9,Natick,"$1,000+",MA,70% Content Marketing,http://www.ndash.co
$100 - $149 / hr,Forge & Spark Media Ltd.,2 - 9,Vancouver,"$5,000+",Canada,60% Content Marketing,https://forgeandspark.com
$50 - $99 / hr,Scripted,10 - 49,San Francisco,Undisclosed,CA,60% Content Marketing,https://www.scripted.com/
$25 - $49 / hr,Goodman Lantern,50 - 249,Hove,"$100,000+",United Kingdom,70% Content Marketing,https://www.goodmanlantern.com
$100 - $149 / hr,Spoon,50 - 249,London,"$10,000+",United Kingdom,40% Content Marketing,https://spoonagency.co.uk
$25 - $49 / hr,The Best Copywriter,2 - 9,Pune,"$1,000+",India,100% Content Marketing,http://bestcopywriter.in/
$100 - $149 / hr,Content Rewired,2 - 9,Chicago,"$5,000+",IL,60% Content Marketing,https://contentrewired.com
$150 - $199 / hr,TEXTA A/S,10 - 49,Åbyhøj,"$1,000+",Denmark,70% Content Marketing,https://texta.dk
$100 - $149 / hr,Americanoize,10 - 49,Miami Beach,"$5,000+",FL,70% Content Marketing,https://americanoize.com/
$150 - $199 / hr,Kuno Creative,10 - 49,Avon,"$5,000+",OH,45% Content Marketing,http://www.kunocreative.com/
$100 - $149 / hr,Re:signal,10 - 49,London,"$10,000+",United Kingdom,40% Content Marketing,https://resignal.com
$50 - $99 / hr,Your Extra Marketer,10 - 49,Minsk,"$5,000+",Belarus,100% Content Marketing,https://yourextramarketer.com
$50 - $99 / hr,Content Reactor,2 - 9,Minneapolis,"$1,000+",MN,70% Content Marketing,http://contentreactor.io
$100 - $149 / hr,Edge Dimension,10 - 49,Montreal,"$10,000+",Canada,100% Content Marketing,https://www.edgedimension.com
$25 - $49 / hr,Beaver Writer,2 - 9,London,"$1,000+",United Kingdom,100% Content Marketing,https://beaverwriter.com
$50 - $99 / hr,Incredo LLC,10 - 49,Yerevan,Undisclosed,Armenia,50% Content Marketing,http://incredo.co/
$100 - $149 / hr,okwrite,2 - 9,Kingston,"$1,000+",Canada,90% Content Marketing,https://okwrite.co/
Undisclosed,Isoline Communications,2 - 9,London,Undisclosed,United Kingdom,100% Content Marketing,https://www.isolinecomms.com
$50 - $99 / hr,Koala Rank,2 - 9,Cincinnati,"$1,000+",OH,100% Content Marketing,https://www.koalarank.com/
$200 - $300 / hr,Civic Web Media,2 - 9,Newcastle,"$5,000+",Australia,65% Content Marketing,https://www.civicwebmedia.com.au/
Undisclosed,Content Kite,2 - 9,Austin,"$5,000+",TX,100% Content Marketing,https://contentkite.com
$100 - $149 / hr,The Red Stairs,2 - 9,Denver,Undisclosed,CO,70% Content Marketing,http://theredstairs.com/
$25 - $49 / hr,Content Powered,10 - 49,Ventura,"$1,000+",CA,100% Content Marketing,https://www.contentpowered.com
< $25 / hr,Raccoon Writing,10 - 49,L'viv,Undisclosed,Ukraine,100% Content Marketing,https://raccoon-writing.pro/
$100 - $149 / hr,EnVeritas Group,10 - 49,Greenville,Undisclosed,SC,40% Content Marketing,http://www.enveritasgroup.com
$25 - $49 / hr,Your Digital Assistant,Freelancer,Locks Heath,"$1,000+",United Kingdom,100% Content Marketing,http://www.yourdigitalassistant.co.uk
$100 - $149 / hr,Blank Slate Content,Freelancer,Vancouver,"$1,000+",Canada,90% Content Marketing,http://www.blankslatecontent.com
Undisclosed,Valtech,"1,000 - 9,999",New York,"$250,000+",NY,15% Content Marketing,https://www.valtech.com/
$100 - $149 / hr,Trademark Productions,10 - 49,Royal Oak,"$5,000+",MI,25% Content Marketing,https://www.tmprod.com/
$200 - $300 / hr,Movable Media,10 - 49,Stamford,Undisclosed,CT,40% Content Marketing,http://www.movablemedia.com
$50 - $99 / hr,Scene Creative Content,2 - 9,Ottawa,"$1,000+",Canada,95% Content Marketing,http://www.scenecreativecontent.com
Undisclosed,Justwords,10 - 49,Gurgaon,"$1,000+",India,70% Content Marketing,http://www.justwords.in
$100 - $149 / hr,Toast Studio,10 - 49,Montreal,"$25,000+",Canada,40% Content Marketing,https://www.gotoast.ca
Undisclosed,The Content Company,2 - 9,Toronto,Undisclosed,Canada,100% Content Marketing,http://www.getawesomecontent.com
Undisclosed,Blue Swing Media,2 - 9,LaBelle,"$1,000+",FL,100% Content Marketing,https://www.blueswingmedia.com/
$100 - $149 / hr,Strategic Objectives,10 - 49,Toronto,"$25,000+",Canada,20% Content Marketing,http://www.strategicobjectives.com/
$100 - $149 / hr,Content Refined,10 - 49,Collingwood,"$1,000+",Canada,65% Content Marketing,https://www.contentrefined.com/
$150 - $199 / hr,Rep Cap,2 - 9,Baton Rouge,"$5,000+",LA,40% Content Marketing,https://repcapitalmedia.com/
$200 - $300 / hr,Ghergich & Co.,10 - 49,Saint Louis,"$5,000+",MO,40% Content Marketing,https://ghergich.com/
$100 - $149 / hr,SPROUT Content,10 - 49,Denver,"$5,000+",CO,45% Content Marketing,http://www.sproutcontent.com
Undisclosed,Sweet Spot PR,10 - 49,Berlin,"$10,000+",Germany,70% Content Marketing,https://sweetspotpr.com/
$200 - $300 / hr,Fenwick,2 - 9,Brooklyn,"$5,000+",NY,60% Content Marketing,https://fenwick.media
$25 - $49 / hr,Aditya Bhavsar Int.,2 - 9,Ahmedabad,"$1,000+",India,50% Content Marketing,https://adityabhavsar.in
$100 - $149 / hr,Tyton Media (Formerly Premium SEO Agency & Consultancy),2 - 9,Overland Park,"$1,000+",KS,50% Content Marketing,https://www.tytonmedia.com
Undisclosed,Adwizar,10 - 49,Rancho Cucamonga,"$1,000+",CA,35% Content Marketing,http://www.adwizar.com
$100 - $149 / hr,ContentPros (formerly Gingerbread Marketing),2 - 9,Carbondale,Undisclosed,CO,70% Content Marketing,http://gingerbread.marketing/
$50 - $99 / hr,Digital Litmus,10 - 49,London,"$1,000+",United Kingdom,40% Content Marketing,https://www.digitallitmus.com/
$50 - $99 / hr,FSAP,2 - 9,Istanbul,Undisclosed,Turkey,45% Content Marketing,http://www.fsap.com.tr/en/default.aspx
$25 - $49 / hr,Everything Content,2 - 9,Kyiv,"$1,000+",Ukraine,75% Content Marketing,https://www.everythingcontent.agency/
$100 - $149 / hr,Espresso B2B Marketing,10 - 49,San Francisco,"$1,000+",CA,40% Content Marketing,https://www.espressob2b.com/
$25 - $49 / hr,BPC Content Co.,2 - 9,Virginia Beach,"$1,000+",VA,75% Content Marketing,https://www.bpccontent.com
Undisclosed,Content Flip,10 - 49,Provo,Undisclosed,UT,80% Content Marketing,https://www.contentflip.com/
$100 - $149 / hr,Content Boost,10 - 49,Norwalk,"$10,000+",CT,45% Content Marketing,http://www.contentboost.com/
$150 - $199 / hr,Colormatics,2 - 9,Jersey City,"$25,000+",NJ,20% Content Marketing,https://www.colormatics.com/
$25 - $49 / hr,Globant,"10,000+",Buenos Aires,"$5,000+",Argentina,10% Content Marketing,http://www.globant.com
$100 - $149 / hr,New North,2 - 9,Frederick,"$25,000+",MD,45% Content Marketing,http://www.newnorth.com
$150 - $199 / hr,Forge Worldwide,10 - 49,Boston,"$100,000+",MA,25% Content Marketing,https://forgeworldwide.com/welcome-to-forge/
$100 - $149 / hr,Decographic,2 - 9,Miami,"$1,000+",FL,40% Content Marketing,http://www.decographic.net
$100 - $149 / hr,Taoti Creative,50 - 249,Washington,"$25,000+",DC,20% Content Marketing,http://www.taoti.com/
$25 - $49 / hr,Write Right,2 - 9,Ahmedabad,"$1,000+",India,55% Content Marketing,https://www.write-right.in/
Undisclosed,Interview Valet,10 - 49,Mattawan,"$1,000+",MI,30% Content Marketing,https://interviewvalet.com/
Undisclosed,THP,50 - 249,Toronto,Undisclosed,Canada,25% Content Marketing,http://www.thpcreates.com
$100 - $149 / hr,Vebu Creative Agency,10 - 49,London,"$5,000+",United Kingdom,30% Content Marketing,https://www.vebu.co.uk
Undisclosed,Toronto SEO Group,10 - 49,Toronto,Undisclosed,Canada,40% Content Marketing,http://torontoseogroup.com/
$100 - $149 / hr,Kern Media,Freelancer,Denver,"$1,000+",CO,50% Content Marketing,http://www.kernmedia.com
Undisclosed,Vivial,250 - 999,Dayton,Undisclosed,OH,20% Content Marketing,http://www.vivial.net
$100 - $149 / hr,Red Hot Penny,10 - 49,Wokingham,"$5,000+",United Kingdom,30% Content Marketing,http://www.redhotpenny.com
$100 - $149 / hr,Karbo Communications,10 - 49,San Francisco,"$10,000+",CA,25% Content Marketing,http://karbocom.com/
Undisclosed,Frank,250 - 999,London,Undisclosed,United Kingdom,20% Content Marketing,https://welcometofrank.com/
Undisclosed,Exaltus,2 - 9,Montreal,"$5,000+",Canada,40% Content Marketing,https://www.exaltus.ca/
$150 - $199 / hr,Bob Gold & Associates,10 - 49,Redondo Beach,"$10,000+",CA,10% Content Marketing,http://bobgoldpr.com/
$100 - $149 / hr,Go Fish Digital,10 - 49,Raleigh,"$10,000+",NC,10% Content Marketing,https://gofishdigital.com/
$50 - $99 / hr,Custom Creatives,10 - 49,Agoura Hills,Undisclosed,CA,30% Content Marketing,http://customcreatives.com/
Undisclosed,Digital Current,10 - 49,Mesa,"$5,000+",AZ,25% Content Marketing,http://digitalcurrent.com/
$150 - $199 / hr,Epsilon,"1,000 - 9,999",San Francisco,"$10,000+",CA,10% Content Marketing,http://www.epsilon.com
$100 - $149 / hr,Seowithdavid,Freelancer,Ellenton,"$1,000+",FL,50% Content Marketing,https://seowithdavid.com/
$150 - $199 / hr,Loopmedia,10 - 49,Toronto,"$25,000+",Canada,40% Content Marketing,http://www.loopmedia.com
$100 - $149 / hr,inSegment,50 - 249,Newton,"$10,000+",MA,25% Content Marketing,http://www.insegment.com
$100 - $149 / hr,Mediablaze,10 - 49,London,"$25,000+",United Kingdom,30% Content Marketing,http://www.mediablaze.com
$100 - $149 / hr,Epicosity,10 - 49,Sioux Falls,"$5,000+",SD,20% Content Marketing,http://www.epicosity.com
$150 - $199 / hr,Yakkety Yak Marketing,10 - 49,Chicago,"$25,000+",IL,25% Content Marketing,https://www.yakketyyak.com/
$100 - $149 / hr,Grow Fox,2 - 9,Calgary,"$1,000+",Canada,50% Content Marketing,http://www.growfox.ca
$50 - $99 / hr,Making You Content Limited,2 - 9,Manchester,"$1,000+",United Kingdom,50% Content Marketing,https://makingyoucontent.com/
Undisclosed,Walker Sands,50 - 249,Chicago,Undisclosed,IL,10% Content Marketing,https://www.walkersandsdigital.com/
$100 - $149 / hr,Custard Online Marketing Ltd,10 - 49,Manchester,Undisclosed,United Kingdom,25% Content Marketing,https://www.custard.co.uk/
$150 - $199 / hr,the tree,10 - 49,London,"$10,000+",United Kingdom,25% Content Marketing,http://thisisthetree.com/
$100 - $149 / hr,Maven Media Group,2 - 9,Calgary,"$5,000+",Canada,30% Content Marketing,https://mavenmediagroup.ca
Undisclosed,GimmeGamma,2 - 9,Bangalore,"$5,000+",India,50% Content Marketing,https://gimmegamma.com
$150 - $199 / hr,Square 2,10 - 49,Conshohocken,"$10,000+",PA,20% Content Marketing,http://www.square2marketing.com
$50 - $99 / hr,Soap Media,10 - 49,Manchester,"$5,000+",United Kingdom,20% Content Marketing,https://www.soapmedia.co.uk/
Undisclosed,Knucklepuck,10 - 49,Arlington,"$5,000+",VA,30% Content Marketing,http://www.knucklepuckmedia.com/
Undisclosed,Content Is Queen Marketing,2 - 9,Austin,"$10,000+",TX,50% Content Marketing,https://www.contentisqueen.co/
$25 - $49 / hr,BlogTec,2 - 9,Twistringen,"$1,000+",Germany,50% Content Marketing,https://blogtec.io/clutch/
$100 - $149 / hr,Blu Mint Digital,10 - 49,Tallinn,"$5,000+",Estonia,30% Content Marketing,https://blumint.co
$100 - $149 / hr,Cyber-Duck,10 - 49,London,"$25,000+",United Kingdom,10% Content Marketing,https://www.cyber-duck.co.uk/
$150 - $199 / hr,Springbox,50 - 249,Austin,"$5,000+",TX,20% Content Marketing,https://www.springbox.com
$50 - $99 / hr,ROI Foundry,10 - 49,Budapest,"$10,000+",Hungary,30% Content Marketing,https://roifoundry.com/
Undisclosed,The Little Wild Ones,2 - 9,London,"$1,000+",United Kingdom,50% Content Marketing,http://www.thelittlewildones.com
$200 - $300 / hr,Racepoint Global,50 - 249,Boston,"$10,000+",MA,20% Content Marketing,http://racepointglobal.com/
$100 - $149 / hr,The Get Agency,2 - 9,Chicago,"$5,000+",IL,50% Content Marketing,https://theget.agency/
Undisclosed,AMP Agency,250 - 999,Boston,"$100,000+",MA,10% Content Marketing,https://www.ampagency.com/
$150 - $199 / hr,Iron Creative,10 - 49,San Francisco,"$10,000+",CA,30% Content Marketing,http://ironcreative.com/
$150 - $199 / hr,Beyond,50 - 249,San Francisco,"$10,000+",CA,10% Content Marketing,http://www.bynd.com
$100 - $149 / hr,Spark451,50 - 249,Westbury,"$1,000+",NY,20% Content Marketing,http://www.spark451.com
$150 - $199 / hr,infogr8,10 - 49,London,"$10,000+",United Kingdom,20% Content Marketing,http://infogr8.com/
$100 - $149 / hr,Inseev Interactive,10 - 49,San Diego,"$5,000+",CA,10% Content Marketing,https://www.inseev.com/
$100 - $149 / hr,"AIS Media, Inc.",10 - 49,Atlanta,"$1,000+",GA,20% Content Marketing,https://aismedia.com
$150 - $199 / hr,JourneyEngine Inc,10 - 49,Los Angeles,"$5,000+",CA,35% Content Marketing,http://JourneyEngine.com
$100 - $149 / hr,FEAST,10 - 49,Markham,"$5,000+",Canada,20% Content Marketing,http://feastinteractive.com
$100 - $149 / hr,Zero Gravity Marketing,50 - 249,Madison,"$1,000+",CT,15% Content Marketing,https://zerogravitymarketing.com/
$100 - $149 / hr,SevenAtoms,2 - 9,San Francisco,Undisclosed,CA,25% Content Marketing,http://www.sevenatoms.com
$50 - $99 / hr,Global Search Marketing Ltd,10 - 49,Birmingham,"$1,000+",United Kingdom,20% Content Marketing,https://www.globalsearchmarketing.co.uk/
$100 - $149 / hr,Jose Angelo Studios,2 - 9,,"$1,000+",,40% Content Marketing,https://joseangelostudios.com/
Undisclosed,RevenueZen,10 - 49,Portland,"$5,000+",OR,40% Content Marketing,https://revenuezen.com/
Undisclosed,NetLine Corporation,50 - 249,Los Gatos,Undisclosed,CA,35% Content Marketing,https://www.netline.com/
$100 - $149 / hr,Wolfgang Digital,50 - 249,Dublin,"$1,000+",Ireland,20% Content Marketing,http://www.wolfdigital.com
$100 - $149 / hr,Mannix Marketing,10 - 49,Glens Falls,"$1,000+",NY,20% Content Marketing,https://www.mannixmarketing.com
Undisclosed,Don't Cry Wolf,10 - 49,London,"$5,000+",United Kingdom,20% Content Marketing,http://www.dontcrywolf.com
< $25 / hr,Seosive,2 - 9,Saskatoon,"$1,000+",Canada,50% Content Marketing,http://seosive.com
$150 - $199 / hr,Camp Creative,10 - 49,San Francisco,"$10,000+",CA,20% Content Marketing,https://campcreative.net/
$100 - $149 / hr,Search Engine People,50 - 249,Pickering,"$1,000+",Canada,10% Content Marketing,https://www.searchenginepeople.com/
Undisclosed,Represent,2 - 9,Edinburgh,"$1,000+",United Kingdom,20% Content Marketing,https://representcomms.co.uk/
$25 - $49 / hr,Niswey,10 - 49,New Delhi,"$1,000+",India,25% Content Marketing,https://www.niswey.com/
$100 - $149 / hr,Lasting Trend,10 - 49,Brooklyn,"$1,000+",NY,30% Content Marketing,https://www.lastingtrend.com/
Undisclosed,UPRAISE,10 - 49,San Francisco,"$5,000+",CA,15% Content Marketing,https://upraisepr.com
$100 - $149 / hr,Zenman,10 - 49,Denver,"$5,000+",CO,25% Content Marketing,https://www.zenman.com/
$150 - $199 / hr,Speak!,2 - 9,Hillsboro,"$10,000+",OR,25% Content Marketing,http://speakagency.com/
$150 - $199 / hr,Simple Truth,10 - 49,Chicago,"$25,000+",IL,20% Content Marketing,http://yoursimpletruth.com/
$150 - $199 / hr,Digital Elevator,2 - 9,WPB,"$1,000+",FL,30% Content Marketing,https://thedigitalelevator.com/
$150 - $199 / hr,Brain Bytes Creative,10 - 49,Atlanta,"$10,000+",GA,15% Content Marketing,http://www.brainbytescreative.com
$150 - $199 / hr,Whittington Consulting,10 - 49,Glen Allen,"$10,000+",VA,25% Content Marketing,https://www.rickwhittington.com
$150 - $199 / hr,KoMarketing,10 - 49,Boston,Undisclosed,MA,20% Content Marketing,https://komarketing.com/
$100 - $149 / hr,GreenHouse Agency,2 - 9,Lake Mary,"$10,000+",FL,30% Content Marketing,http://www.ghagency.com/
Undisclosed,GoTo Marketers Inc.,10 - 49,Mississauga,"$5,000+",Canada,30% Content Marketing,https://gotomarketers.com/landing/digital-marketing
$150 - $199 / hr,Designzillas,10 - 49,Orlando,"$5,000+",FL,20% Content Marketing,http://www.designzillas.com/
$150 - $199 / hr,RXM Creative,10 - 49,New York,"$10,000+",NY,25% Content Marketing,http://www.rxmcreative.com
$150 - $199 / hr,The Weinheimer Group,2 - 9,Austin,"$5,000+",TX,30% Content Marketing,https://weinheimergroup.com/
$150 - $199 / hr,Big Sea,10 - 49,St. Petersburg,"$5,000+",FL,10% Content Marketing,http://bigsea.co
$100 - $149 / hr,Lobeline Communications,2 - 9,Los Angeles,"$10,000+",CA,30% Content Marketing,http://www.lobeline.net/
$100 - $149 / hr,FVM,10 - 49,Plymouth Meeting,"$50,000+",PA,25% Content Marketing,http://www.thinkfvm.com/
Undisclosed,Label 428,2 - 9,Toronto,"$25,000+",Canada,35% Content Marketing,http://www.label428.com
Undisclosed,Taillight,2 - 9,Nashville,"$10,000+",TN,15% Content Marketing,https://info.taillight.tv/overview
$200 - $300 / hr,Five by Five,50 - 249,Southampton,"$50,000+",United Kingdom,10% Content Marketing,https://fivebyfiveglobal.com/
$150 - $199 / hr,Wesrom Corporation,10 - 49,Las Vegas,"$5,000+",NV,25% Content Marketing,http://wesrom.com/
$150 - $199 / hr,Frederick Swanston,10 - 49,Alpharetta,"$10,000+",GA,20% Content Marketing,http://frederickswanston.com
$100 - $149 / hr,"Metia, Inc.",50 - 249,Kirkland,Undisclosed,WA,20% Content Marketing,http://www.metia.com
$100 - $149 / hr,Pandable,2 - 9,London,"$1,000+",United Kingdom,30% Content Marketing,https://pandable.co/
$150 - $199 / hr,WEBii,10 - 49,Austin,"$5,000+",TX,20% Content Marketing,http://www.webii.net
$50 - $99 / hr,Saypr,10 - 49,Los Angeles,"$5,000+",CA,20% Content Marketing,https://www.saypr.com
$100 - $149 / hr,rightcolours.,2 - 9,Frankfurt,"$5,000+",Germany,20% Content Marketing,https://www.rightcolours.com
$100 - $149 / hr,"Strategic Communications, LLC",Freelancer,St. Paul,"$1,000+",MN,50% Content Marketing,http://www.stratcommunications.com
Undisclosed,Amplify,50 - 249,London,Undisclosed,United Kingdom,10% Content Marketing,https://www.weareamplify.com/
$100 - $149 / hr,Hydra Creative,10 - 49,sheffield,"$1,000+",United Kingdom,20% Content Marketing,https://www.hydracreative.com/
$150 - $199 / hr,RELEVANCE,10 - 49,Upper Marlboro,"$75,000+",MD,40% Content Marketing,http://relevance.com
Undisclosed,Ideas that Kick,10 - 49,Minneapolis,"$25,000+",MN,15% Content Marketing,https://www.ideasthatkick.com/
$50 - $99 / hr,Split An Atom,10 - 49,Hoylake,"$1,000+",United Kingdom,20% Content Marketing,https://www.splitanatom.com
$150 - $199 / hr,Digitalhound Ltd,10 - 49,London,"$5,000+",United Kingdom,30% Content Marketing,https://www.digitalhound.co.uk/
$100 - $149 / hr,Else & Bang,10 - 49,Boulogne-Billancourt,"$10,000+",France,25% Content Marketing,http://elsebang.com
$100 - $149 / hr,Harbinger Communications,10 - 49,Toronto,"$10,000+",Canada,15% Content Marketing,http://www.harbingerideas.com/
$100 - $149 / hr,"ATAK Interactive, Inc",10 - 49,Los Angeles,"$5,000+",CA,15% Content Marketing,https://www.atakinteractive.com
$200 - $300 / hr,PromoAffiliates,10 - 49,Los Angeles,"$10,000+",CA,30% Content Marketing,http://www.promoaffiliates.com
$200 - $300 / hr,BlueChip Communication,10 - 49,Sydney,"$1,000+",Australia,25% Content Marketing,https://www.bluechipcommunication.com.au
< $25 / hr,Zevahit,2 - 9,Bangalore,"$1,000+",India,50% Content Marketing,https://zevahit.com/
$100 - $149 / hr,BigWing,50 - 249,Oklahoma City,"$1,000+",OK,15% Content Marketing,http://bigwing.com
$50 - $99 / hr,Digital Trails,10 - 49,London,"$5,000+",United Kingdom,25% Content Marketing,https://digitaltrails.co.uk/
$50 - $99 / hr,New Norml Media,2 - 9,Dana Point,"$1,000+",CA,40% Content Marketing,http://newnormlmedia.com
$100 - $149 / hr,Digital Media Team,10 - 49,Manchester,"$1,000+",United Kingdom,15% Content Marketing,https://www.digitalmediateam.co.uk/
$100 - $149 / hr,Leighton Interactive,10 - 49,St. Cloud,"$5,000+",MN,20% Content Marketing,http://www.leightoninteractive.com/
$150 - $199 / hr,Breakaway,10 - 49,Boston,"$25,000+",MA,20% Content Marketing,https://breakaway.com/
Undisclosed,"XPromos Marketing Mastery, LLC",2 - 9,Laguna Hills,"$25,000+",CA,15% Content Marketing,http://www.xpromos.com
$150 - $199 / hr,Bynder Group,2 - 9,Thousand Oaks,"$10,000+",CA,25% Content Marketing,https://byndergroup.com
< $25 / hr,Zestard Technologies,10 - 49,Ahmedabad,"$5,000+",India,20% Content Marketing,https://www.zestard.com
$150 - $199 / hr,Avintiv Media,10 - 49,Scottsdale,"$1,000+",AZ,15% Content Marketing,http://www.avintivmedia.com
$100 - $149 / hr,Gallery Design Studio NYC,2 - 9,New York,"$5,000+",NY,25% Content Marketing,https://www.gallerydesignstudio.com/
$150 - $199 / hr,Dreambox Creations,10 - 49,Diamond Bar,"$10,000+",CA,20% Content Marketing,http://www.dreamboxcreations.com
$100 - $149 / hr,Flawless Inbound Inc.,10 - 49,Edmonton,"$10,000+",Canada,30% Content Marketing,http://info.flawlessinbound.ca/flawless-inbound-clutch
$150 - $199 / hr,Wpromote,250 - 999,El Segundo,"$10,000+",CA,10% Content Marketing,http://www.wpromote.com
$100 - $149 / hr,fishbat Media,10 - 49,New York,"$5,000+",NY,20% Content Marketing,https://fishbat.com
$25 - $49 / hr,Swiftly Labs,2 - 9,Calgary,"$1,000+",Canada,50% Content Marketing,http://www.swiftlylabs.com
Undisclosed,The Explainer Video Company,10 - 49,Santa Clara,"$5,000+",CA,25% Content Marketing,https://thevideoanimationcompany.com
$50 - $99 / hr,Social Vantage,10 - 49,Newtown,"$1,000+",PA,20% Content Marketing,https://socialvantage.com
$100 - $149 / hr,Activate Health,2 - 9,Nashville,"$5,000+",,20% Content Marketing,http://www.activatehealth.com
$100 - $149 / hr,BizComPR,10 - 49,Plano,Undisclosed,TX,20% Content Marketing,http://www.bizcompr.com
$150 - $199 / hr,Pop Video,2 - 9,Houston,"$5,000+",TX,20% Content Marketing,https://www.popvideo.com/
$150 - $199 / hr,Tendo Communications,10 - 49,San Francisco,"$10,000+",CA,30% Content Marketing,http://tendocom.com/
$100 - $149 / hr,MESH Interactive Agency,10 - 49,Boston,"$25,000+",MA,10% Content Marketing,http://www.meshagency.com
$100 - $149 / hr,Matchbox Design Group,10 - 49,Saint Louis,"$10,000+",MO,10% Content Marketing,https://matchboxdesigngroup.com
$100 - $149 / hr,js-interactive,2 - 9,Austin,"$5,000+",TX,25% Content Marketing,https://js-interactive.com/
$100 - $149 / hr,ParkerWhite Brand Interactive,2 - 9,Cardiff-by-the-Sea,"$5,000+",CA,10% Content Marketing,https://www.parkerwhite.com/
$100 - $149 / hr,Digivate,10 - 49,London,Undisclosed,United Kingdom,15% Content Marketing,https://www.digivate.com/
$100 - $149 / hr,Curve Design - Qatar,10 - 49,Doha,"$5,000+",Qatar,35% Content Marketing,https://www.curveqatar.com/
$25 - $49 / hr,Dynamologic Solutions,50 - 249,Islamabad,"$1,000+",Pakistan,20% Content Marketing,http://www.dynamologic.com/
$50 - $99 / hr,Squareball Digital,10 - 49,Berlin,"$10,000+",Germany,10% Content Marketing,https://squareball.co/
$150 - $199 / hr,Farinella LLC,2 - 9,Emeryville,"$10,000+",CA,10% Content Marketing,http://www.farinella.com/
$100 - $149 / hr,NuEthic,2 - 9,North Salt Lake City,"$10,000+",UT,25% Content Marketing,https://nuethic.com
$100 - $149 / hr,Stream Creative,10 - 49,Brookfield,"$10,000+",WI,20% Content Marketing,https://www.streamcreative.com/
Undisclosed,K2 Global Communications,2 - 9,Kfar Saba,"$5,000+",Israel,30% Content Marketing,http://www.k2-gc.com
$100 - $149 / hr,Measurable SEO,2 - 9,Menands,"$1,000+",NY,40% Content Marketing,http://www.MeasurableSEO.com
$200 - $300 / hr,Ueno,50 - 249,San Francisco,Undisclosed,CA,10% Content Marketing,http://www.ueno.co/
$25 - $49 / hr,Nowspeed Marketing,10 - 49,Westborough,"$1,000+",MA,10% Content Marketing,http://nowspeed.com/
$50 - $99 / hr,Hop Online,10 - 49,Sofia,"$1,000+",Bulgaria,20% Content Marketing,http://hop.online/
$25 - $49 / hr,Edgy Scribblers,2 - 9,Gurgaon,"$1,000+",India,40% Content Marketing,https://www.edgyscribblers.com
$25 - $49 / hr,Sud Creative,2 - 9,Montevideo,Undisclosed,Uruguay,40% Content Marketing,http://www.sudcreative.com
$150 - $199 / hr,Album Agency,2 - 9,San Clemente,"$10,000+",CA,20% Content Marketing,http://albumagency.com
$50 - $99 / hr,PR Fire,2 - 9,Hale,"$1,000+",United Kingdom,40% Content Marketing,https://www.prfire.com/
Undisclosed,Hybrid Moon,2 - 9,Portland,"$25,000+",OR,30% Content Marketing,http://hybridmoon.com/
$100 - $149 / hr,Razor Rank,50 - 249,Dallas,"$1,000+",TX,15% Content Marketing,http://www.razorrank.com/
$25 - $49 / hr,Marketing Masala,2 - 9,New Delhi,"$1,000+",India,30% Content Marketing,https://www.marketingmasala.com/
$150 - $199 / hr,EPAM Systems,"10,000+",Manchester,"$10,000+",United Kingdom,10% Content Marketing,https://www.epam.com/solutions/digital-engagement/strategy-and-experience/service-design
$150 - $199 / hr,HelpGood,10 - 49,NY,"$5,000+",NY,20% Content Marketing,https://www.helpgood.com
$150 - $199 / hr,Campfire Digital,2 - 9,Denver,"$10,000+",CO,25% Content Marketing,https://campfiredigital.com
$150 - $199 / hr,Accelerate Agency,10 - 49,Bristol,"$5,000+",United Kingdom,10% Content Marketing,https://www.accelerate-agency.com/
< $25 / hr,Quick SEO Help,10 - 49,Ahmedabad,"$1,000+",India,30% Content Marketing,https://www.quickseohelp.com/
$150 - $199 / hr,Nura Creative,2 - 9,Vancouver,"$1,000+",Canada,40% Content Marketing,https://www.nuracreative.com/
$200 - $300 / hr,Innovaxis Marketing,10 - 49,Chicago,"$10,000+",IL,25% Content Marketing,https://www.innovaxisinc.com
$100 - $149 / hr,Propane,10 - 49,San Francisco,"$5,000+",CA,10% Content Marketing,http://www.propane.agency
$100 - $149 / hr,LinkGraph,10 - 49,New York,"$5,000+",NY,20% Content Marketing,http://linkgraph.io/
$150 - $199 / hr,Ladybugz Interactive Agency,2 - 9,Southborough,"$10,000+",MA,10% Content Marketing,http://www.ladybugz.com
$200 - $300 / hr,DSM,10 - 49,Mahwah,"$10,000+",NJ,20% Content Marketing,https://www.thedsmgroup.com
$100 - $149 / hr,OggaDoon PR and Digital Marketing,2 - 9,Bristol,"$5,000+",United Kingdom,20% Content Marketing,https://www.oggadoon.co.uk/
$100 - $149 / hr,48 West Agency,10 - 49,Phoenix,"$5,000+",AZ,30% Content Marketing,http://48westagency.com/
Undisclosed,Xtra Mile ltd,50 - 249,Neve Yamin,"$5,000+",Israel,10% Content Marketing,http://www.xtra-mile.co.il/
$100 - $149 / hr,SEO.com,50 - 249,Draper,Undisclosed,UT,15% Content Marketing,https://www.seo.com/
$100 - $149 / hr,1205 Marketing,10 - 49,Seattle,"$5,000+",WA,20% Content Marketing,https://1205marketing.com/
$200 - $300 / hr,Mitosis Consulting,2 - 9,New York,"$10,000+",NY,30% Content Marketing,https://www.mitosis.us
$150 - $199 / hr,Marketing Maven,10 - 49,Camarillo,"$10,000+",CA,20% Content Marketing,http://www.marketingmavenpr.com/
$100 - $149 / hr,919 Marketing,10 - 49,Holly Springs,"$5,000+",NC,30% Content Marketing,https://919marketing.com/
$150 - $199 / hr,SM Digital,2 - 9,Vancouver,"$25,000+",Canada,30% Content Marketing,http://www.hellosmdigital.com
$100 - $149 / hr,Polymath,2 - 9,Covington,"$1,000+",KY,40% Content Marketing,http://polymathvisuals.com
$50 - $99 / hr,Scaramanga Agency,10 - 49,Croydon,"$5,000+",United Kingdom,15% Content Marketing,https://scaramanga.agency/
$50 - $99 / hr,Cosmitto,10 - 49,Pittsburgh,"$1,000+",PA,20% Content Marketing,https://cosmitto.digital/
$200 - $300 / hr,Greenlight,50 - 249,London,"$50,000+",United Kingdom,15% Content Marketing,http://www.greenlightdigital.com/
$150 - $199 / hr,Sonder Digital Marketing,2 - 9,Newstead,"$10,000+",Australia,30% Content Marketing,https://sonder.com.au/
$100 - $149 / hr,KOUNTERATTACK,10 - 49,New York City,Undisclosed,NY,15% Content Marketing,http://kounterattack.com
$100 - $149 / hr,Squaredot,2 - 9,Dublin,"$5,000+",Ireland,40% Content Marketing,http://www.squaredot.eu
$100 - $149  / hr,Palmer Ad Agency,10 - 49,San Francisco,"$5,000+",CA,20% Content Marketing,http://palmeradagency.com/
$150 - $199 / hr,Hudson Fusion,10 - 49,Ossining,"$5,000+",NY,20% Content Marketing,http://www.hudsonfusion.com
$50 - $99 / hr,6Minded,10 - 49,Krakow,"$5,000+",Poland,30% Content Marketing,http://www.6minded.com/
$100 - $149 / hr,Amplify Industrial Marketing & Guidance,10 - 49,Lake Success,"$10,000+",NY,15% Content Marketing,https://aimg.com
Undisclosed,Fingerprint Marketing,2 - 9,Bellevue,Undisclosed,WA,15% Content Marketing,https://fingerprintmarketing.com/
$150 - $199 / hr,Zehnder Communications,50 - 249,New Orleans,"$75,000+",LA,10% Content Marketing,http://www.z-comm.com/
$100 - $149 / hr,Avidon Marketing Group,2 - 9,West Hollywood,"$1,000+",CA,45% Content Marketing,https://avidonmarketinggroup.com
$100 - $149 / hr,RSO Consulting,10 - 49,San Francisco,"$10,000+",CA,15% Content Marketing,http://www.rso-consulting.com/
$150 - $199 / hr,Dragon Army,10 - 49,Atlanta,"$25,000+",GA,22% Content Marketing,http://www.dragonarmy.com
Undisclosed,BlueMagnet,10 - 49,Broadacres,Undisclosed,South Africa,20% Content Marketing,https://www.bluemagnet.co.za/
Undisclosed,Innovation Exchange,10 - 49,Pleasant Grove,"$5,000+",UT,30% Content Marketing,https://innovationexchange.com/
$100 - $149 / hr,Roketto,2 - 9,Kelowna,"$10,000+",Canada,20% Content Marketing,https://roket.to
Undisclosed,"DSC Web Services, Inc",2 - 9,Tulsa,Undisclosed,OK,30% Content Marketing,https://www.dsc-webservices.com
$100 - $149 / hr,FUSIONWRX,2 - 9,Crestview Hills,Undisclosed,KY,20% Content Marketing,http://www.FUSIONWRX.com
$100 - $149 / hr,Oozle Media,10 - 49,Sandy,"$1,000+",UT,10% Content Marketing,https://www.oozlemedia.com/
$100 - $149 / hr,FSC Interactive,10 - 49,New Orleans,"$5,000+",LA,20% Content Marketing,http://fscinteractive.com
$200 - $300 / hr,Landis Communications Inc. (LCI),10 - 49,San Francisco,"$10,000+",CA,10% Content Marketing,https://landispr.com
$100 - $149 / hr,One Thing Marketing,2 - 9,Louisville,"$5,000+",KY,20% Content Marketing,https://www.onethingmarketing.net/
$100 - $149 / hr,Waypost Marketing,10 - 49,FOUNTAIN INN,"$10,000+",SC,20% Content Marketing,https://www.waypostmarketing.com/
$50 - $99 / hr,3plains,2 - 9,Shakopee,Undisclosed,MN,20% Content Marketing,https://www.3plains.com
$25 - $49 / hr,Room4 Media,10 - 49,Bogotá,"$1,000+",Colombia,20% Content Marketing,https://www.room4media.com/marketing-agency-colombia-latam.html
$100 - $149 / hr,Prospectr Marketing,10 - 49,Minneapolis,"$5,000+",MN,15% Content Marketing,https://prospectrmarketing.com/
$25 - $49 / hr,ShootOrder,50 - 249,Hyderabad,"$1,000+",India,20% Content Marketing,https://www.shootorder.com
Undisclosed,Red Javelin Communications,10 - 49,Sudbury,"$1,000+",MA,30% Content Marketing,http://www.redjavelin.com
Undisclosed,MultiView,250 - 999,Irving,Undisclosed,TX,10% Content Marketing,https://www.multiview.com/
Undisclosed,Better Content Matters,Freelancer,St. Marquette,Undisclosed,MI,50% Content Marketing,https://bettercontentmatters.com/
$100 - $149 / hr,MAN Digital,2 - 9,Kraków,"$10,000+",Poland,30% Content Marketing,https://share.man.digital/clutch_listing
$150 - $199 / hr,Foster Web Marketing,50 - 249,Fairfax,"$5,000+",VA,10% Content Marketing,http://www.fosterwebmarketing.com
$200 - $300 / hr,Cave Social,2 - 9,Santa Monica,"$10,000+",CA,20% Content Marketing,https://cavesocial.com/
$150 - $199 / hr,Envisager Studio,2 - 9,San Diego,"$5,000+",CA,20% Content Marketing,https://www.envisager.net/
$50 - $99 / hr,"Mischa Communications, Inc.",10 - 49,Cleveland,Undisclosed,OH,25% Content Marketing,http://MischaCommunications.com
Undisclosed,Symbiont Group,10 - 49,Chicago,"$10,000+",IL,20% Content Marketing,http://www.symbiontgroup.com
$25 - $49 / hr,Web Mavens,10 - 49,Austin,"$10,000+",TX,27% Content Marketing,https://www.webmavens.com
$50 - $99 / hr,SocialSellinator,2 - 9,San Jose,"$1,000+",CA,20% Content Marketing,http://www.socialsellinator.com
$100 - $149 / hr,Bolt Brasil,10 - 49,Belo Horizonte,"$5,000+",Brazil,20% Content Marketing,http://www.boltbrasil.com.br/
$100 - $149 / hr,Beacons Point,2 - 9,Carlsbad,"$5,000+",CA,20% Content Marketing,http://www.beaconspoint.com
$150 - $199 / hr,Sid Lee,"1,000 - 9,999",Montreal,"$100,000+",Canada,10% Content Marketing,http://sidlee.com
$100 - $149 / hr,Rank Executives,10 - 49,Sanford,Undisclosed,FL,20% Content Marketing,http://www.rankexecutives.com
$150 - $199 / hr,Propel Guru,50 - 249,Burnaby,"$5,000+",Canada,25% Content Marketing,https://www.propelguru.com/
$100 - $149 / hr,Blue Beetle,10 - 49,Dubai,"$5,000+",United Arab Emirates,15% Content Marketing,http://www.bluebeetle.ae/
Undisclosed,Gershoni Creative Agency,10 - 49,San Francisco,"$100,000+",CA,10% Content Marketing,http://www.gershoni.com
$150 - $199 / hr,Silvernail Web Design,2 - 9,South Bound Brook,"$5,000+",NJ,25% Content Marketing,https://silvernailwebdesign.com/
$50 - $99 / hr,Kennedy Group AB,2 - 9,Örebro,"$1,000+",Sweden,30% Content Marketing,https://kennedy.marketing/
$50 - $99 / hr,Spreadupon,2 - 9,Doral,Undisclosed,FL,40% Content Marketing,https://www.spreadupon.com
$100 - $149 / hr,INK Media,10 - 49,Stamford,"$1,000+",United Kingdom,30% Content Marketing,https://www.inkmedia.eu/
$100 - $149 / hr,Stevens & Tate Marketing,10 - 49,Lombard,"$10,000+",IL,13% Content Marketing,http://www.stevens-tate.com/
$150 - $199 / hr,Colibri Digital Marketing,2 - 9,San Francisco,"$1,000+",CA,25% Content Marketing,https://colibridigitalmarketing.com/
$100 - $149 / hr,Basso Marketing Agency,10 - 49,Rochester,"$10,000+",MI,10% Content Marketing,http://www.bassodesigngroup.com
$150 - $199 / hr,Maguire Marketing Group,2 - 9,Toronto,"$1,000+",Canada,30% Content Marketing,https://maguiremarketinggroup.com/
$100 - $149 / hr,Digital Resource,10 - 49,West Palm Beach,"$5,000+",FL,10% Content Marketing,https://yourdigitalresource.com/
$300+ / hr,Episode 11 Productions,2 - 9,Charlotte,"$5,000+",NC,10% Content Marketing,https://episode11productions.com
$150 - $199 / hr,Evenbound,10 - 49,Grand Haven,"$10,000+",MI,25% Content Marketing,https://evenbound.com/
$100 - $149 / hr,"ITVibes, Inc",10 - 49,The Woodlands,"$1,000+",TX,15% Content Marketing,http://www.itvibes.com
$150 - $199 / hr,York & Chapel,50 - 249,Shelton,"$5,000+",CT,10% Content Marketing,http://yorkandchapel.com
$100 - $149 / hr,LSM,10 - 49,Brentwood,Undisclosed,TN,15% Content Marketing,https://www.lsm.works/
$150 - $199 / hr,URBA Media,10 - 49,Calgary,"$5,000+",Canada,15% Content Marketing,https://urba.media
Undisclosed,Bulldog Digital Media,10 - 49,London,"$1,000+",United Kingdom,15% Content Marketing,http://bulldogdigitalmedia.co.uk/
$150 - $199 / hr,Heinz Marketing,2 - 9,Redmond,Undisclosed,WA,30% Content Marketing,http://www.HeinzMarketing.com
$150 - $199 / hr,Foxtail Marketing,50 - 249,American Fork,"$5,000+",UT,20% Content Marketing,http://www.foxtailmarketing.com
$150 - $199 / hr,Knowmad Digital Marketing,2 - 9,Charlotte,"$10,000+",NC,10% Content Marketing,http://www.knowmad.com
$100 - $149 / hr,Lightflows,10 - 49,Guildford,"$10,000+",United Kingdom,10% Content Marketing,https://www.lightflows.co.uk/
$50 - $99 / hr,AtomicMedia,10 - 49,Nottingham,Undisclosed,United Kingdom,10% Content Marketing,https://www.atomicmedia.co.uk
Undisclosed,Jute Creative,2 - 9,Portland,Undisclosed,OR,20% Content Marketing,https://www.jutecreative.com
Undisclosed,Crowd,10 - 49,Brooklyn,"$5,000+",NY,15% Content Marketing,https://thisiscrowd.com/
$100 - $149 / hr,Simple Machines Marketing,2 - 9,Chicago,"$50,000+",IL,15% Content Marketing,https://www.simplemachinesmarketing.com/
Undisclosed,Dot Com Media,10 - 49,Thousand Oaks,"$1,000+",CA,20% Content Marketing,https://www.dcmmoguls.com/
$25 - $49 / hr,TrafficSource UK Ltd.,2 - 9,Polegate,"$1,000+",United Kingdom,20% Content Marketing,https://www.trafficsource.co.uk/
$100 - $149 / hr,FLDTRACE,2 - 9,Fort Mill,"$5,000+",SC,25% Content Marketing,https://www.fldtrace.com
$150 - $199 / hr,Elevate Communication,10 - 49,Brisbane,"$5,000+",Australia,10% Content Marketing,https://www.elevatecom.com.au/
$100 - $149 / hr,Sparkfactor,2 - 9,Chicago,"$10,000+",IL,15% Content Marketing,http://www.sparkfactor.com
$100 - $149 / hr,OneIMS.com,10 - 49,Chicago,"$1,000+",IL,10% Content Marketing,http://www.oneims.com/
$150 - $199 / hr,"Secret Sushi, Inc",10 - 49,San Francisco,"$5,000+",CA,15% Content Marketing,https://secretsushi.com/
$100 - $149 / hr,Instinctive Solutions Ltd,2 - 9,Lewisham,"$1,000+",United Kingdom,35% Content Marketing,https://www.instinctivesolutions.co.uk
$100 - $149 / hr,321 Web Marketing,10 - 49,Fairfax,"$10,000+",VA,30% Content Marketing,https://www.321webmarketing.com/
$100 - $149 / hr,madison/miles media,10 - 49,Arlington,"$5,000+",TX,20% Content Marketing,https://www.madisonmilesmedia.com/
$150 - $199 / hr,Piro,10 - 49,New York,"$25,000+",NY,20% Content Marketing,http://www.wearepiro.com/
< $25 / hr,Pixel Global IT Services,10 - 49,Bokaro Steel City,"$1,000+",India,20% Content Marketing,http://www.pixelglobalit.com
$150 - $199 / hr,Striventa,2 - 9,Glendale,Undisclosed,AZ,25% Content Marketing,https://striventa.com/
$100 - $149 / hr,BOS Digital,10 - 49,Raleigh,"$5,000+",NC,25% Content Marketing,https://bos.digital/
Undisclosed,Witflair Enterprises Ltd,2 - 9,Nairobi,Undisclosed,Kenya,30% Content Marketing,https://witflair.com
$150 - $199 / hr,Alipes Inc.,10 - 49,Boston,"$10,000+",MA,20% Content Marketing,http://www.alipes.com
$200 - $300 / hr,Funkhaus,10 - 49,Los Angeles,"$10,000+",CA,20% Content Marketing,http://funkhaus.us/
$25 - $49 / hr,Sigma Infosolutions,50 - 249,Irvine,"$5,000+",CA,20% Content Marketing,https://www.sigmainfo.net
$50 - $99 / hr,Four Dots,50 - 249,New York City,"$1,000+",NY,20% Content Marketing,https://fourdots.com/
$100 - $149 / hr,Rise,2 - 9,Philadelphia,"$25,000+",PA,20% Content Marketing,https://rise.co
$100 - $149 / hr,RUNNER Agency,10 - 49,Dallas,"$10,000+",TX,20% Content Marketing,http://runneragency.com
$100 - $149 / hr,LikeSocialBiz,2 - 9,Los Angeles,"$1,000+",CA,20% Content Marketing,http://www.likesocialbiz.com
$100 - $149 / hr,Jack & Bean,2 - 9,Phoenix,"$10,000+",AZ,30% Content Marketing,https://jackandbean.com/
$150 - $199 / hr,LyntonWeb,10 - 49,Houston,Undisclosed,TX,10% Content Marketing,http://www.lyntonweb.com
Undisclosed,Talk Shop,10 - 49,Toronto,"$5,000+",Canada,10% Content Marketing,https://www.talkshopmedia.com/
$150 - $199 / hr,The Fantastical,10 - 49,Boston,"$25,000+",MA,10% Content Marketing,http://thefantastical.com/
$150 - $199  / hr,Brightlark Digital,2 - 9,Denver,"$5,000+",CO,20% Content Marketing,https://brightlark.com/
$50 - $99 / hr,Rushminute,2 - 9,Lincoln,"$1,000+",NE,20% Content Marketing,https://www.rushminute.com
$100 - $149 / hr,ASSISTED.,2 - 9,Claybrooke Parva,"$1,000+",United Kingdom,15% Content Marketing,https://www.assisted.co.uk/
< $25 / hr,Inbics,10 - 49,Gurugram,"$1,000+",India,25% Content Marketing,https://www.inbics.com/
$100 - $149 / hr,Brandetize,10 - 49,San Diego,"$10,000+",CA,14% Content Marketing,http://www.brandetize.com
$100 - $149 / hr,Integrated Digital Strategies,10 - 49,Newburyport,Undisclosed,MA,20% Content Marketing,http://www.idigitalstrategies.com
$100 - $149 / hr,Bluetext,10 - 49,Washington,"$25,000+",DC,10% Content Marketing,https://www.bluetext.com/contact/
$100 - $149 / hr,Digitopia,10 - 49,Carlsbad,"$1,000+",CA,10% Content Marketing,http://www.digitopia.agency
$100 - $149 / hr,Hot Dog Marketing,10 - 49,Round Rock,"$5,000+",TX,10% Content Marketing,https://hotdogmarketing.net/
$100 - $149 / hr,Trighton Interactive,2 - 9,Ocoee,"$5,000+",FL,20% Content Marketing,https://www.trighton.com/
$100 - $149 / hr,Northwest Engineering Solutions LLC,2 - 9,Portland,"$10,000+",OR,30% Content Marketing,https://www.nwengineeringllc.com
Undisclosed,Bateman Group,50 - 249,San Francisco,"$25,000+",CA,10% Content Marketing,http://www.bateman-group.com/
$150 - $199 / hr,PaperStreet Web Design,10 - 49,Fort Lauderdale,"$1,000+",FL,15% Content Marketing,http://www.paperstreet.com/
$100 - $149 / hr,Influence & Co.,50 - 249,Columbia,Undisclosed,MO,60% Content Marketing,https://www.influenceandco.com/
$100 - $149 / hr,Doctor Multimedia,10 - 49,La Jolla,Undisclosed,CA,10% Content Marketing,http://doctormultimedia.com/
Undisclosed,Swyft,2 - 9,Austin,"$5,000+",TX,15% Content Marketing,http://www.growswyft.com
$150 - $199 / hr,Kaleidico,10 - 49,Flat Rock,"$5,000+",MI,10% Content Marketing,http://kaleidico.com
< $25 / hr,ContentNinja,10 - 49,Gurugram,"$1,000+",India,20% Content Marketing,https://contentninja.in/
$200 - $300 / hr,Clarity Quest Marketing,10 - 49,Ann Arbor,"$10,000+",MI,20% Content Marketing,https://www.clarityqst.com/contact/
$150 - $199 / hr,Arc Intermedia,10 - 49,King of Prussia,"$25,000+",PA,15% Content Marketing,https://www.arcintermedia.com
Undisclosed,3rd Coast PR,10 - 49,Chicago,"$10,000+",IL,10% Content Marketing,http://3rdcoastpr.com/
$150 - $199 / hr,Pole Position Marketing,10 - 49,Uniontown,Undisclosed,OH,10% Content Marketing,http://www.polepositionmarketing.com
$100 - $149 / hr,Leverage Marketing,10 - 49,Austin,Undisclosed,TX,20% Content Marketing,https://www.theleverageway.com/
< $25 / hr,Synapse,10 - 49,Dona Paula,"$5,000+",India,20% Content Marketing,http://synapse.co
$100 - $149 / hr,Klicker,2 - 9,San Diego,"$1,000+",CA,20% Content Marketing,https://klickerinc.com/
$150 - $199 / hr,Spectrum Group Online,2 - 9,San Jose,"$1,000+",CA,20% Content Marketing,https://online-sales-marketing.com/
$200 - $300 / hr,One Week Website,2 - 9,Atlanta,"$5,000+",GA,25% Content Marketing,http://oneweekwebsite.com
Undisclosed,Brand+Aid,2 - 9,Washington,Undisclosed,DC,20% Content Marketing,http://brandaidcreative.com/
$100 - $149 / hr,CCG / Marketing Agency,10 - 49,Santa Monica,"$1,000+",CA,15% Content Marketing,http://www.ccg.la
$50 - $99 / hr,Blu Impact,2 - 9,San Francisco,"$1,000+",CA,20% Content Marketing,http://bluimpact.com/
$150 - $199 / hr,Weidert Group,10 - 49,Appleton,"$10,000+",WI,10% Content Marketing,https://www.weidert.com/
$50 - $99 / hr,Superb Digital,2 - 9,Bristol,"$5,000+",United Kingdom,20% Content Marketing,https://superb.digital/
$150 - $199 / hr,Belo + Company,50 - 249,Dallas,"$10,000+",TX,15% Content Marketing,http://beloandcompany.com
$200 - $300 / hr,VELOX Media,50 - 249,Boise,"$5,000+",ID,10% Content Marketing,https://www.veloxmedia.com
$100 - $149 / hr,New Standard Studio,2 - 9,Berlin,"$1,000+",Germany,20% Content Marketing,http://newstandard.studio
$150 - $199 / hr,Media Bounty,10 - 49,London,"$10,000+",United Kingdom,10% Content Marketing,http://www.mediabounty.com/
$100 - $149 / hr,Pittsburgh Internet Consulting,2 - 9,Pittsburgh,"$1,000+",PA,20% Content Marketing,https://www.pittsburghinternetconsulting.com/
$100 - $149 / hr,Sanborn,10 - 49,New York,"$10,000+",NY,10% Content Marketing,https://sanbornagency.com
$150 - $199 / hr,Media Source - Inbound Agency,50 - 249,Mexico City,"$5,000+",Mexico,25% Content Marketing,https://www.mediasource.mx/
$100 - $149 / hr,Cooperate Marketing,2 - 9,Chicago,"$10,000+",IL,20% Content Marketing,http://www.cooperatemarketing.com
$150 - $199 / hr,Tangible Words,2 - 9,Ottawa,"$75,000+",Canada,30% Content Marketing,http://TangibleWords.com
Undisclosed,"Bear Fox Marketing, LLC",10 - 49,Boise,Undisclosed,ID,25% Content Marketing,https://www.bearfoxmarketing.com/
$50 - $99 / hr,IM Action,10 - 49,Minsk,"$1,000+",Belarus,20% Content Marketing,http://www.im-action.com/
$300+ / hr,PANONY,10 - 49,Hong Kong,"$10,000+","Hong Kong S.A.R., China",20% Content Marketing,http://panony.com
$100 - $149 / hr,Traffic Digital Agency,10 - 49,Royal Oak,Undisclosed,MI,15% Content Marketing,http://trafficdigitalagency.com/
$100 - $149 / hr,MINUTTIA,2 - 9,Thessaloniki,"$1,000+",Greece,30% Content Marketing,https://minuttia.com/
$25 - $49 / hr,NNC Services,10 - 49,Bucharest,"$1,000+",Romania,15% Content Marketing,http://us.nnc-services.com/
$150 - $199 / hr,Neuralle,2 - 9,East Melbourne,"$1,000+",Australia,30% Content Marketing,http://www.neuralle.com
$150 - $199 / hr,W. BRADFORD,2 - 9,Cincinnati,"$5,000+",OH,25% Content Marketing,http://wbradford.com
$150 - $199 / hr,Killer Visual Strategies,10 - 49,Seattle,"$10,000+",WA,20% Content Marketing,https://killervisualstrategies.com/
Undisclosed,Redweb,50 - 249,Bournemouth,Undisclosed,United Kingdom,10% Content Marketing,http://www.redweb.com
$100 - $149 / hr,INCORE Digital Agency,2 - 9,Brick,"$1,000+",NJ,10% Content Marketing,https://www.incore.com
$50 - $99 / hr,Sherlock SEO Agency,2 - 9,Edegem,"$1,000+",Belgium,40% Content Marketing,https://www.sherlockseo.com
$100 - $149 / hr,Encite Branding + Marketing + Creative,2 - 9,Denver,"$1,000+",CO,15% Content Marketing,http://www.enciteinternational.com
$300+ / hr,Mezzanine Growth,10 - 49,Toronto,"$10,000+",Canada,15% Content Marketing,https://www.mezzaninegrowth.com/
$50 - $99 / hr,ChannelDoubler,2 - 9,London,"$1,000+",United Kingdom,20% Content Marketing,https://www.channeldoubler.co.uk/
$50 - $99 / hr,Graphics Zoo,50 - 249,Sugar Land,"$1,000+",TX,20% Content Marketing,https://www.graphicszoo.com
$50 - $99 / hr,Cube3,10 - 49,Manchester,"$10,000+",United Kingdom,20% Content Marketing,http://www.wearecube3.com
$100 - $149 / hr,Forge and Smith,10 - 49,Vancouver,"$10,000+",Canada,10% Content Marketing,http://forgeandsmith.com
$25 - $49 / hr,"Pendragon Consulting, LLC",2 - 9,Crownsville,"$1,000+",MD,30% Content Marketing,http://www.pendragonconsultingllc.com
$100 - $149 / hr,Evol Empire Creative,10 - 49,Lincoln,"$5,000+",NE,20% Content Marketing,http://www.evolempirecreative.com
$150 - $199 / hr,Preface Studios,2 - 9,Farnham,"$10,000+",United Kingdom,10% Content Marketing,https://prefacestudios.com
Undisclosed,BluShark Digital LLC,10 - 49,Washington,Undisclosed,DC,25% Content Marketing,https://blusharkdigital.com/
$25 - $49 / hr,42DM,10 - 49,Kyiv,"$1,000+",Ukraine,20% Content Marketing,http://42dm.net/
$25 - $49 / hr,MU Interactive,10 - 49,Warsaw,"$1,000+",Poland,20% Content Marketing,http://weare.mu
Undisclosed,Bandwidth Marketing Group,2 - 9,Chicago,"$25,000+",IL,10% Content Marketing,https://www.bandwidthmktg.com
Undisclosed,Agency Squid,2 - 9,Minneapolis,Undisclosed,MN,10% Content Marketing,http://www.agencysquid.com
Undisclosed,Zoek,10 - 49,Aliso Viejo,Undisclosed,CA,20% Content Marketing,http://www.gozoek.com
$25 - $49 / hr,Where Is My Brand,10 - 49,New York,"$1,000+",NY,20% Content Marketing,http://www.wimb.co/
$100 - $149 / hr,Cascade Communications,2 - 9,Chicago,"$5,000+",IL,10% Content Marketing,https://www.cascadecomms.com
$150 - $199 / hr,Aztek,10 - 49,Cleveland,"$5,000+",OH,10% Content Marketing,https://www.aztekweb.com/
$50 - $99 / hr,ality,10 - 49,London,"$5,000+",United Kingdom,20% Content Marketing,https://www.ality.co.uk/
$25 - $49 / hr,First Launch,10 - 49,Bangalore,"$1,000+",India,15% Content Marketing,https://firstlaunch.in/
$100 - $149 / hr,AndMine,50 - 249,Melbourne,"$5,000+",Australia,10% Content Marketing,https://www.andmine.com/
$100 - $149 / hr,"MaxGroup Business Solutions, LLC",50 - 249,Surprise,Undisclosed,AZ,20% Content Marketing,https://www.maxgroupbusiness.com
Undisclosed,Bebop Asia,2 - 9,Singapore,"$10,000+",Singapore,20% Content Marketing,http://www.bebop.asia
$200 - $300 / hr,BlinkJar Media,2 - 9,Baton Rouge,"$10,000+",LA,25% Content Marketing,http://www.blinkjarmedia.com
